"ID","Description","GeneRatio","BgRatio","RichFactor","FoldEnrichment","zScore","pvalue","p.adjust","qvalue","geneID","Count"
"GO:0010494","cytoplasmic stress granule","5/97","153/26692",0.0326797385620915,8.99265548143656,5.98773848183455,0.000244370705799673,0.0100191989377866,0.00797420197872618,"ATGST1/ATGSTF2/ATGST11/HSP70-3/NA",5
"GO:0036464","cytoplasmic ribonucleoprotein granule","5/97","206/26692",0.0242718446601942,6.679011109999,4.94158686077375,0.000945756244254313,0.0132076495833,0.0105118648801618,"ATGST1/ATGSTF2/ATGST11/HSP70-3/NA",5
"GO:0035770","ribonucleoprotein granule","5/97","207/26692",0.0241545893719807,6.64674535584441,4.92551538441954,0.000966413384143906,0.0132076495833,0.0105118648801618,"ATGST1/ATGSTF2/ATGST11/HSP70-3/NA",5
"GO:0048046","apoplast","6/97","336/26692",0.0178571428571429,4.91384388807069,4.36015251276912,0.00143915516914113,0.0147513404836966,0.0117404763798355,"AtBBE19/ATGSTF2/ABCC3/AB165/GAL1/HSP70-3",6
"GO:0099080","supramolecular complex","6/97","440/26692",0.0136363636363636,3.75238987816307,3.51579371121149,0.00543344542116158,0.0445542524535249,0.0354603806433703,"ATGST1/ATGSTF2/ATCAL5/ATGST11/HSP70-3/NA",6
